Finding_ID,Rule_ID,Severity,Category,CWE,OWASP,File_Path,Line_Start,Line_End,Vulnerability_Title,Description,Remediation_Status,Remediation_Details
FIND-001,typescript.jwt.security.unverified-jwt-token-decode,CRITICAL,security/authentication,CWE-287; CWE-347,A07:2021-Identification and Authentication Failures,lib/auth/firebase-admin.ts,78,98,Unverified JWT Fallback Authentication Bypass,"Fallback Strategy 3 decoded base64url JWT payloads without verifying cryptographic signatures, allowing attackers to forge arbitrary user IDs and admin privileges.",FIXED,"Removed unverified fallback. All authentication tokens must now be cryptographically validated via Google JWKS or Google OAuth2 tokeninfo API endpoint."
FIND-002,typescript.auth.security.unverified-session-token-bypass,CRITICAL,security/authentication,CWE-287; CWE-345,A07:2021-Identification and Authentication Failures,app/api/vouchers/redeem/route.ts,23,35,Unverified Voucher Token Prefix Extraction Bypass,"Extracted userId by simply stripping the cursis_usr_ prefix from user-provided token string without verifying the HMAC signature, allowing unauthenticated token forgery.",FIXED,"Replaced raw string manipulation with verifySessionToken() cryptographic HMAC-SHA256 signature verification."
FIND-003,javascript.browser.security.insecure-document-cookie-set,HIGH,security/session-management,CWE-1004; CWE-79,A01:2021-Broken Access Control; A03:2021-Injection,lib/auth/firebase.ts,108,150,Client-Side Cookie Write Stripping HttpOnly Flag,"Client-side document.cookie writes for cursis_session overwrote the server-side HttpOnly cookie with a non-HttpOnly version, exposing authentication tokens to XSS attacks.",FIXED,"Removed client-side document.cookie writes for session cookies. Session cookie is now strictly managed server-side with HttpOnly, Secure, and SameSite=Lax flags."
FIND-004,typescript.auth.security.weak-password-policy,HIGH,security/authentication,CWE-521,A07:2021-Identification and Authentication Failures,app/api/auth/signup/route.ts,46,57,Weak Password Complexity Requirements,"Signup route allowed 6-character passwords without uppercase, lowercase, numeric, or special character requirements, susceptible to dictionary and brute-force attacks.",FIXED,"Enforced minimum 8-character length and mandatory uppercase, lowercase, numeric, and special character complexity checks."
FIND-005,typescript.dos.security.rate-limiter-fail-open,HIGH,security/denial-of-service,CWE-770; CWE-755,A04:2021-Insecure Design,lib/auth/rateLimit.ts,31,101,Rate Limiter Fail-Open on Database Outage,"When MongoDB was disconnected or unavailable, rate limiter returned allowed=true, disabling brute-force protections during database connectivity hiccups.",FIXED,"Implemented in-memory fallback rate limiter that activates automatically when MongoDB is unavailable, maintaining rate limits (5 attempts / 30 mins) under all conditions."
FIND-006,typescript.crypto.security.low-pbkdf2-iteration-count,HIGH,security/cryptography,CWE-916; CWE-328,A02:2021-Cryptographic Failures,lib/db/users.ts,17,31,Insufficient PBKDF2 Iteration Count,"Password hashing utilized only 10,000 iterations of PBKDF2-SHA512. OWASP recommends at least 600,000 iterations for PBKDF2-SHA512.",FIXED,"Increased default PBKDF2 iterations to 600,000 with backwards-compatible dual-verification support for existing users."
FIND-007,typescript.nextjs.security.open-redirect-protocol-relative,MEDIUM,security/open-redirect,CWE-601,A01:2021-Broken Access Control,proxy.ts,72,76,Open Redirect via Protocol-Relative URLs,"Redirect parameter only verified startsWith('/'), enabling open redirect attacks via protocol-relative URLs (e.g., //attacker.com) or backslash evasion (/\\attacker.com).",FIXED,"Implemented getSafeRelativeRedirect() ensuring destination strictly starts with single slash, blocks //, /\\, backslashes, CRLF, and null bytes."
FIND-008,typescript.waf.security.insufficient-input-sanitization-waf,MEDIUM,security/waf,CWE-20; CWE-22; CWE-79,A03:2021-Injection,proxy.ts,20,53,Edge WAF Pattern Matching Evasion,"WAF only checked raw URL strings without decoding URL encoding, permitting evasion via URL-encoded traversal (%2e%2e), CRLF injection (%0d%0a), and script tags/event handlers.",FIXED,"Added safe URI decoding and expanded WAF detection for traversal variants, null bytes, CRLF, script/iframe/object tags, javascript: schemes, event handlers, and OS files."
FIND-009,typescript.node.security.error-message-information-disclosure,MEDIUM,security/information-disclosure,CWE-209,A05:2021-Security Misconfiguration,lib/api/response.ts,33,48,Error Message Information Disclosure in API Responses,"Unsanitized 500 error responses returned raw error.message values, risking disclosure of database connection strings, credentials, and internal exceptions.",FIXED,"Updated apiError to sanitize 500 responses in production, redacting MongoDB connection URIs, credentials, tokens, and internal error strings."
FIND-010,typescript.nextjs.security.missing-coop-corp-headers,MEDIUM,security/headers,CWE-693,A05:2021-Security Misconfiguration,next.config.ts,66,74,Missing Cross-Origin Isolation Headers (COOP / CORP),"Absence of Cross-Origin-Opener-Policy and Cross-Origin-Resource-Policy headers permitted potential cross-origin document leaks and side-channel attacks.",FIXED,"Configured Cross-Origin-Opener-Policy: same-origin and Cross-Origin-Resource-Policy: same-origin in both next.config.ts and Edge proxy headers."
FIND-011,typescript.react.security.react-strict-mode-disabled,LOW,best-practices/react,CWE-693,A05:2021-Security Misconfiguration,next.config.ts,4,4,React Strict Mode Disabled in Production Configuration,"reactStrictMode was set to false, disabling React lifecycle safety warnings, component side-effect detection, and deprecation checks.",FIXED,"Enabled reactStrictMode: true in next.config.ts."
FIND-012,typescript.api.security.unauthenticated-promo-code-consumption,MEDIUM,security/broken-access-control,CWE-306; CWE-799,A01:2021-Broken Access Control; A04:2021-Insecure Design,app/api/redeem/route.ts,74,120,Anonymous Promo Code Redemption & Rate Limit Absence,"Promo code endpoint allowed anonymous callers to permanently burn single-use vouchers, and lacked IP rate limiting allowing code brute-forcing.",FIXED,"Enforced mandatory user authentication prior to voucher consumption and added IP-based rate limiting to prevent brute-force attacks."
FIND-013,typescript.api.security.database-diagnostics-credential-leak,MEDIUM,security/information-disclosure,CWE-200; CWE-209,A05:2021-Security Misconfiguration,app/api/db-status/route.ts,47,58,Unredacted Database Connection URI in Error Handling,"In db-status endpoint, database connection error objects could echo connection string credentials if MongoDB driver threw connection failures.",FIXED,"Added regex redaction in db-status error handler to strip username:password credentials and redact MongoDB URIs."
